id	web_name	web_url	case_type	storage_no	court_name	key_words	trial_procedure	trial_year	case_level	basic_facts	judgment_reason	judgment_essence	related_info	related_law	related_judgment_body	create_time	update_time	md5_value	judgment_mean	dt
2292	人民法院案例库	https://rmfyalk.court.gov.cn	行政-不履行XX职责	2024-12-3-021-005	江苏省高级人民法院	行政,不履行给付基本医疗保险金职责,上位法规定,地方规范性文件,主动审查	再审	2022.07.01	2	<p> 原告孟某诉称：原告系滨海县某村的村民，从2016年起即参加了当地的新型农村合作医疗保险，并缴纳了保险费用。2017年5月22日原告因驾驶汽车操作不当撞到道路中间的护栏，致身体受重伤，交警部门经调查后确认原告负事故的全部责任。事故发生后，原告经多家医院救治后出院，并分别于2018年1月和6月向被告滨海县医疗保险基金管理中心（以下简称滨海县医保中心）申请补偿其相关医疗费用，被告予以拒绝，故原告向法院起诉要求被告依法为其补偿相关的医疗费用。<br/> 被告滨海县医保中心辩称：原告孟某要求补偿的相关医疗费用不符合江苏省、盐城市及滨海县有关部门制定的新型农村合作医疗补偿方案中规定的补偿范围，而是属于不予补偿的范围。原告是在江苏省宜兴市境内驾驶汽车过程中因操作不当撞到了道路中间的护栏，致使其受伤住院治疗，该事故经宜兴市交警部门认定原告自己负事故的全部责任，根据《江苏省新型农村合作医疗条例》《盐城市新型农村合作医疗实施方案》《滨海县新型农村合作医疗补偿方案》中不予补偿的规定，交通事故所发生的医疗费用不予补偿，故原告因交通事故而产生的医疗费用，不在新型农村合作医疗的补偿范围，被告对原告申请作出不予补偿的决定符合相关文件的规定，请求法院驳回原告的诉讼请求。<br/> 法院经审理查明：孟某系滨海县某村村民，从2016年起，孟某即参加了滨海县新型农村合作医疗保险，并缴纳了保险费用。2017年5月22日1时许，孟某驾驶小型轿车沿京福线由南向北行驶至1278公里附近时，因操作不当撞到道路中间护栏，致车辆损坏，孟某身体受伤。该起事故经宜兴市交警部门认定，孟某负事故的全部责任。事故发生后，孟某经多家医院治疗后出院，共计用去医疗费用约40余万元。孟某于2018年6月初向滨海县医保中心提出书面申请，请求对因交通事故产生的医疗费用进行补偿，滨海县医保中心拒绝补偿，孟某遂向建湖县法院提起诉讼，请求判令滨海县医保中心向其核发医疗补偿金335049元。<br/> 另查明：《盐城市2015年度新型农村合作医疗实施方案》（以下简称《盐城市新农合实施方案》）以及《2017年滨海县新型农村合作医疗补偿方案》（以下简称《滨海县新农合补偿方案》）中均规定了交通事故所发生的医药费用属于不予补偿的范围。<br/> 江苏省建湖县人民法院于2018年10月31日作出（2018）苏0925行初186号行政判决：驳回孟某的诉讼请求。江苏省盐城市中级人民法院于2019年6月18日作出（2019）苏09行终184号行政判决：驳回上诉，维持原判。江苏省高级人民法院于2021年9月2日作出（2020）苏行申329号行政裁定：本案由本院提审。江苏省高级人民法院于2022年7月1日作出（2021）苏行再30号行政判决：（1）撤销江苏省盐城市中级人民法院（2019）苏09行终184号行政判决；（2）撤销江苏省建湖县人民法院（2018）苏0925行初186号行政判决；（3）判令被申请人滨海县医疗保险基金管理中心在收到本判决书之日起60日内依法对孟兵履行补偿医疗费用的法定职责。</p>	<p> 法院生效判决认为，第一，孟兵作为新型农村合作医疗基金的参加人，拥有按照规定享受医疗费用补偿的权利；滨海县医保中心作为新型农村合作医疗基金的经办机构，具有根据规定向孟兵履行审核结算医疗费用的法定职责。<br/> 第二，统筹地区在确定新型农村合作医疗补偿意见时，应当严格遵循法律、法规的相关规定，在经济社会发展水平许可的前提下，最大程度地保障新型农村合作医疗参加人在因疾病或意外等产生门诊和住院医疗费用时，能够获得基本的医疗保障。在明确保险基金支付范围时，《社会保险法》《江苏省新型农村合作医疗条例》均采用了否定列举式的立法技术，可见在保障范围上较为宽泛，体现了新型农村合作医疗作为一项基本医疗保障制度的根本属性。因自身原因导致单方交通事故受伤产生的医疗费用，不属于“应当由第三人负担医药费用”的情形。因此，孟兵因其自身原因导致的单方交通事故产生的医疗费用属于新型农村合作医疗基金的补偿范围。<br/> 第三，依照《江苏省新型农村合作医疗条例》的相关规定，盐城市卫生行政部门虽有权制定与盐城地区实际情况相符的新型农村合作医疗补偿方案，但作为地方规范性文件，其有关社会保险基金支付范围的规定，不得与《社会保险法》《江苏省新型农村合作医疗条例》确立的新型农村合作医疗补偿规则相违背。《盐城市新农合实施方案》《滨海县新农合补偿方案》不应当将本案孟兵所遭遇的单方交通事故产生的医疗费用排除在补偿范围之外。故滨海县医保中心依据《滨海县新农合补偿方案》的规定，拒绝对参保人孟兵的医疗费用予以补偿，系适用法律错误，应予纠正。</p>	<p>1.规范性文件不得违反上位法的规定。人民法院在审理单独行政行为诉讼案件时，应当对行政行为依据的规范性文件进行合法性审查。经审查认为不合法的，不得作为认定行政行为合法的依据。<br/> 2.在不履行给付基本医疗保险金职责之诉中，地方性规范性文件对产生交通事故的责任类型未予区分，突破上位法将不予补偿范围仅限定于应当由第三人负担范围内的规定的，人民法院不应予以参照适用。</p>	<p> 《立法法》第96条第2项<br/> 《社会保险法》第30条第1款</p><br/>######<p> 一审：江苏省建湖县人民法院（2018）苏0925行初186号行政判决（2018年10月31日）</p><p> 二审：江苏省盐城市中级人民法院（2019）苏09行终184号行政判决（2019年6月18日）</p><p> 再审：江苏省高级人民法院（2021）苏行再30号行政判决（2022年7月1日）</p>	\N	\N	2026/1/21 10:27	2026/1/21 10:27	000062e730a424b1df3b500e33cafc9b	\N	20260421
6379	多元解纷案例库	https://dyjfalk.court.gov.cn/site/case/2a0b8503-f748-4ebc-8a96-bb5138cb3a28	民事-相邻关系纠纷	D2025-161-1-053-677	鹤岗市工农区人民法院	民事,相邻关系纠纷,违规搭建阳台,“住建+法院+社区”联动化解		2025/10/16	\N	刘某与郑某为同栋楼相邻单元住户，郑某违规搭建保温阳台，阻断楼外排水管道，致使雨水流入刘某家中，还影响其采光与隐私。刘某多次与郑某沟通无果后，向住建部门举报。住建部门经调查，拟对郑某进行行政处罚，但考虑到行政处罚难以实质消除双方矛盾，且可能进一步激化邻里矛盾、不利于社区和谐稳定，遂请求法院联合化解纠纷。
法院收到相关请求后，选派经验丰富的法官与住建部门取得联系，详细了解纠纷具体情况，在住建部门统筹主导下，联合刘某和郑某所在社区的工作人员，共同组建调解小组，合力开展以下工作： 一是进行“背对背”沟通，全面了解双方诉求。调解小组分别与刘某、郑某进行深入交流，了解双方主要诉求：刘某反映郑某家违建保温阳台超出正常尺寸20cm，不仅阻断了楼外排水管道，还紧邻其卧室，导致雨水倒灌、采光严重受阻，多次沟通无果后才选择举报；郑某则称房子系购买所得，违建并非自己所为，虽愿意将保温阳台回缩20cm，但拒绝承担相关费用。 二是开展实地调查，精准明晰争议焦点。调解小组多次前往郑某家中，实地勘查违建保温阳台现状，并联系专业工人现场评估改建施工价格。社区工作人员利用熟悉社区的工作优势，详细了解案涉小区楼栋情况，了解到该楼建成已近30年，属于物业弃管楼，近一半住户存在改建、扩建保温阳台的情况。通过沟通了解和实地调查，调解小组明确双方争议焦点主要为：郑某是否应承担阳台回缩的费用。 三是注重释法析理，积极引导双方让步。指导法官与住建部门工作人员凭借专业素养，向郑某逐条阐释相邻权相关法律规定，并结合典型案例和实地调查情况，向郑某说明其违建保温阳台已对相邻建筑通风、采光和日照造成妨碍，属于侵权行为，需承担法律责任，促使郑某认识到问题的严重性。社区工作人员从邻里情谊和实际生活角度出发，提醒郑某雨季即将来临，若不解决违建问题，刘某房屋可能再次受损，届时矛盾会加深，劝其换位思考，促推尽快解决问题。经过多轮耐心细致的沟通，刘某与郑某同意各让一步，并就阳台拆除和相关费用等达成一致意见，郑某承诺在一周内将违建保温阳台拆除，刘某主动表示愿意承担40%的费用。 四是促推完善机制，从源头上减少纠纷。为从源头上有效预防化解此类纠纷，法院建议住建部门，将该案作为典型案例，在今后处理类似邻里违建投诉时，秉持审慎与善意理念，优先通过调解等方式实质解决纠纷，推动行政执法既有力度又显温度。
本案系因违法建筑引发的相邻关系纠纷。在城市化快速推进的背景下，未经城市规划部门批准而擅自新建、扩建和改建建筑物的情形十分常见，因违法建筑侵害相邻权引发的纠纷亦时有发生。本案中，住建部门收到投诉后，依托“住建+法院+社区”联动化解机制，通过“背对背沟通+实地勘查+释法明理+源头治理”全链条解纷路径，促推实现“化解一案、治理一片”。调解过程中，调解小组各成员单位充分发挥自身职能优势，住建部门凭借行政主管部门的权威性与专业性，为纠纷调处提供权威的专业意见；法院做实法律指导，结合法律规定和典型案例释法明理，确保纠纷化解在法理框架内进行；社区充分发挥贴近居民、熟悉民情的优势，积极开展沟通疏导工作，为调解工作注入人文关怀。期间，调解小组巧妙运用“背对背沟通”、“面对面疏导”等方式，采用“现场勘查—成本核算—责任划分—方案定制”四步调解法，引导双方对整改责任和费用分担达成共识，实现纠纷高效妥善化解，既修复了受损的邻里关系、消弭邻里间的矛盾，还通过以案释法，促推行政主管部门在处理此类纠纷时更加注重发挥多元解纷机制作用，实现“违建整改+邻里和睦+社区治理”的多赢效果。	《中华人民共和国民法典》第288条、第293条 《中华人民共和国城乡规划法》（2019年修正）第64条
	\N	2026/1/27 9:49	2026/2/3 9:46	0006e4250f4a7774b727e0bd6637baf7	\N	20260421
12931	人民法院案例库-未成年	https://rmfyalk.court.gov.cn/view/content-juvenile.html?id=HnHWhqM1I86Tm%2BUitilLAb1QXJYcW9VBDN2Wv19fNf8%3D&lib=ck&source=zgy	刑事-故意伤害罪	2024-18-1-179-006	湖南省湘西土家族苗族自治州中级人民法院	刑事,正当防卫,未成年人,学生霸凌,防卫意图,防卫限度	二审	2022.11.09	1	<p style="">u3000u3000被告人江某某（系化名，时年14周岁）系湖南省某中学初中二年级学生。因江某某在春游时与同班某女同学聊天，同级邻班同学胡某认为江某某招惹其女朋友，要求江某某买烟赔礼道歉，否则就打江某某。之后江某某给胡某买了一包香烟，但胡某嫌烟不好不要，遂产生殴打江某某的意图。<br/>u3000u3000u3000u30002019年5月17日上午早读课前，与被告人江某某不和的同班同学孙某某，伙同他人借故把江某某喊到厕所，扬言要殴打江某某。江某某有不甘示弱的言语回应（案发后其解释系找借口拖延，打算放学时跑掉）。当日早读下课后，江某某在上厕所时，孙某某、胡某等人又拉扯江某某，并踢了其一脚。后因上课时间到了，各自散去。第二节课下课后，孙某某邀约同学张某某、胡某等人帮忙殴打江某某，并向张某某指认正在厕所内的江某某。<br/>u3000u3000u3000u3000午饭后，孙某某又邀约被害人陈某甲、陈某乙、吴某等帮忙殴打江某某。随后，孙某某等7人前往教室寻找被告人江某某，其他8人在厕所里等候。江某某拒绝前往，孙某某称若不去将强行带走，江某某被迫跟随前往，并将同学用于开药瓶的多功能折叠刀（非管制刀具，刃长约4.5厘米）藏在右手衣袖内。到达厕所后，孙某某、胡某、张某某及被害人陈某甲、陈某乙、吴某等15人把江某某围住。陈某甲上前扼勒江某某的颈部，把江某某摔倒在地后，骑坐在其身上殴打，孙某某、胡某、张某某等人一拥而上进行踢打。在受到群殴之后，江某某掏出折叠刀乱挥，捅伤陈某甲腰背部，划伤吴某大腿。殴打持续约一分钟后，众人散开。江某某从地上爬了起来，背靠厕所蹲坑的矮墙坐在地上，站在江某某背后的陈某乙对其掌掴，江某某遂转身用折叠刀向陈某乙腹部捅刺一刀，张某某等人再次殴打江某某后离开。后陈某甲、陈某乙、吴某被送至学校医务室治疗。经鉴定，陈某甲、陈某乙的损伤程度为重伤二级，吴某的损伤程度为轻微伤。同年8月7日，江某某向公安机关投案。<br/>u3000u3000u3000u3000湖南省吉首市人民检察院指控被告人江某某犯故意伤害罪，向湖南省吉首市人民法院提起公诉。被告人江某某及其辩护人认为：江某某在遭受学生霸凌时，实施防卫行为对不法侵害人造成损害，属于正当防卫，依法不负刑事责任。</p>	<p>u3000u3000被告人江某某因遭受多名学生霸凌而携带折叠刀被迫前往现场，在面临多人殴打时持刀反击，综合全案情节，应当认定其行为构成正当防卫，不负刑事责任。<br/>u3000u3000u3000u3000首先，江某某在遭受学生霸凌时被迫反击，具有防卫意图。面对孙某某等人的霸凌，江某某明显处于被迫状态。此外，江某某面对孙某某等人的霸凌，虽曾有不甘示弱的言语，但不能以此认定江某某主动挑起争端。考虑未成年人身心特点，结合江某某所处具体情境，不能仅以江某某个别言语就认定其有斗殴故意，进而否定其具有防卫意图。<br/>u3000u3000u3000u3000其次，江某某在被殴打时实施防卫，符合正当防卫的时间条件。江某某两次持刀反击，均处于不法侵害现实发生的时间段内：（1）面对15人的包围，被对方勒颈摔倒在地，并遭到群殴，不法侵害已现实发生。（2）江某某倒地并被群殴持续约一分钟后，群殴行为虽然暂时停止，但是仍被对方从背后袭击掌掴，不法侵害显然仍在进行之中，并未结束。总之，江某某在被群殴、被群殴倒地仍遭对方掌掴的情况下，借助工具防卫反击时，不法侵害正在进行，符合正当防卫的时间条件。<br/>u3000u3000u3000u3000最后，江某某因被殴打持刀防卫，没有明显超过必要限度。江某某系在被殴打的情况下被迫实施防卫，虽然不法侵害人未使用工具，江某某使用刀具反击，但是江某某防卫使用的折叠刀并非管制刀具，而对方多达15人，双方实力悬殊，且江某某先后两次被打倒在地并被群殴。江某某情急之下持刀自卫，在手段上合乎情理，反击行为限于对抗不法侵害，并非主动攻击对方，手段有所节制。故整体而言，防卫行为没有明显超过必要限度。<br/>u3000u3000u3000u3000此外，根据未成年人保护法及相关规定，学校应当建立学生欺凌防控工作制度，对教职员工、学生等开展防治学生欺凌的教育和培训。对于学生欺凌事件，被欺凌者及周边同学要及时向老师、家长报告；学校对学生欺凌行为应当立即制止并依法处理，监护人对实施欺凌的学生应当加强管教，并配合学校和相关部门的处理。学校或者监护人未依法履行职责的，应当依法承担相应法律责任。<br/>u3000u3000<br/></p>	<p>1.对于因学生霸凌引发的防卫行为与相互斗殴的界分，应当坚持主客观相统一原则，通过综合考量案发起因、是否为主要过错方、是否纠集他人参与打斗等情节，结合同年龄段未成年人在类似情境下的可能反应，准确判断行为人的主观意图和行为性质。不能仅因行为人面对霸凌时不甘示弱、使用工具反击等情节，就影响对其防卫意图的认定。<br/>u3000u30002.对于防卫是否“明显超过必要限度”，应当立足防卫时的具体情境，从同年龄段未成年人一般认知的角度，综合学生霸凌中不法侵害的性质、手段、强度、危害后果和防卫的时机、手段、强度、损害后果等情节，考虑双方力量对比，作出合理判断。</p>	<p>u3000u3000《中华人民共和国刑法》第20条</p>
	\N	2026/2/27 18:33	2026/4/21 18:33	00070467a4f1a2f190fc0158fbe43dfc	\N	20260421
2626	人民法院案例库	https://rmfyalk.court.gov.cn	民事-专利权权属、侵权纠纷	2024-13-2-160-011	最高人民法院	民事,侵害发明专利权,可组合使用产品,被诉侵权产品,侵权技术比对	二审	2023.04.11	2	<p> 北京仁某医药科技有限公司诉称：湖南慈某医疗科技有限公司未经许可制造、销售的外耳矫形器与骨科定位片的组合产品，具有专利号为200880108740.X、名称为“畸形耳朵的矫正”的发明专利相关权利要求记载的全部技术特征，落入涉案专利权的保护范围。杭州欣某贸易有限公司、宁波四某大药房有限责任公司实施了销售被诉侵权产品的行为，宁波市某医院实施了使用被诉侵权产品的行为。故请求判令四被告立即停止侵害涉案专利权的行为，判令湖南慈某医疗科技有限公司、杭州欣某贸易有限公司各赔偿经济损失100万元，宁波四某大药房有限责任公司赔偿经济损失20万元，宁波市某医院赔偿经济损失40万元并对宁波四某大药房公司的赔偿承担连带责任；四被告共同赔偿为制止侵权所支付合理开支58765元。<br/> 湖南慈某医疗科技有限公司、杭州欣某贸易有限公司、宁波四某大药房有限责任公司、宁波市某医院辩称：被诉侵权的骨科定位片与外耳矫形器系两个相互独立的产品，二者并非配套出售，也并非必须固定搭配使用，故不应将二者组合进行侵权比对。<br/> 法院经审理查明：涉案专利权利要求1记载：“1.一种用于人类耳朵的塑形装置，包括：形成开口的基部，所述开口尺寸做成适合让所述耳朵通过所述开口，其中，所述耳朵包括对耳轮、三角窝的上翼、耳轮、耳轮边缘、根部、外耳和耳舟区域，而所述基部包括后表面和前表面；顶部，所述顶部与所述基部可释放地接合而在其间形成隔间；以及布置在所述前表面上的第一夹片，所述第一夹片适于保持所述耳朵在所述对耳轮和所述三角窝的上翼的区域内所想要的解剖学形状。”<br/> 被诉侵权外耳矫形器及骨科定位片均系湖南慈某医疗科技有限公司生产，外耳矫形器标注医疗器械注册证编号为湘械注准20182190XXX，骨科定位片标注产品备案号为湘长械备20190XXX号，骨科定位片包括I型、Ⅱ型、Ⅲ型。前述被诉侵权的外耳矫形器、骨科定位片均作为不同的产品各自独立包装、销售，且销售者分别开具发票，二者销售的数量也并不完全对应。另，涉案专利说明书具体实施方式公开了后夹片（对应涉案专利权利要求1中第一夹片）应视患儿病患情况选择单独使用或与其他外耳矫形装置配合使用于畸形耳朵的矫正及治疗。北京仁某医药科技有限公司明确其主张外耳矫形器与骨科定位片（含I型、Ⅱ型）应组合进行技术比对。<br/> 浙江省杭州市中级人民法院于2021年8月27日作出（2020）浙01知民初277号民事判决：驳回北京仁某医药科技有限公司的全部诉讼请求。北京仁某医药科技有限公司以被诉侵权外耳矫形器与骨科定位片的组合，落入涉案专利权的保护范围为由，提出上诉。<br/> 最高人民法院于2023年4月11日作出（2021）最高法知民终2270号民事判决：一、撤销浙江省杭州市中级人民法院（2020）浙01知民初277号民事判决；二、湖南慈某医疗科技有限公司立即停止制造、销售Ⅱ型骨科定位片，销毁Ⅱ型骨科定位片的专用生产模具；三、湖南慈某医疗科技有限公司于本判决生效之日起十日内赔偿北京仁某医药科技有限公司经济损失25万元以及为制止侵权产生的合理开支5万元，合计30万元；四、驳回北京仁某医药科技有限公司的其他诉讼请求。</p>	<p> 法院生效裁判认为，首先，北京仁某医药科技有限公司以公证方式取得的被诉侵权的骨科定位片除I型骨科定位片外，还包括Ⅱ型骨科定位片，其中左耳Ⅱ型、右耳Ⅱ型骨科定位片的一端分别标注了“L”或“R”，其两端带有用于卡接固定的安装脚。其次，因婴幼儿耳朵畸形形态各有差异，矫形所需要使用的部件及手段也各不相同，结合涉案专利说明书关于可视情况选择后夹片（对应于涉案专利权利要求1中的第一夹片，相当于被诉侵权的骨科定位片）用于畸形耳朵的矫正及治疗的记载可知，I型骨科定位片可以单独使用，消费者购买Ⅰ型骨科定位片后单独使用即可正常发挥其功能。同时，消费者根据自己的消费需求亦可将Ⅰ型骨科定位片与外耳矫形器组合使用，是否组合取决于消费者自己。基于Ⅰ型骨科定位片与外耳矫形器不存在安装组合关系，二者均有单独批号，均为单独包装、单独销售，且均可根据患者耳部畸形情况独立使用，故不应将Ⅰ型骨科定位片与外耳矫形器组合作为侵害涉案专利权产品。但是，Ⅱ型骨科定位片的两端设置有与外耳矫形器卡接固定的安装脚，这不仅是提高了生产成本，而且构成消费者单独使用Ⅱ型骨科定位片的技术上的障碍，因为在单独使用的情况下，该安装脚会压迫婴幼儿的耳朵，严重影响矫正效果。因此，通常情况下，消费者不会单独购买、使用Ⅱ型骨科定位片，消费者如果购买Ⅱ型骨科定位片，其目的在于将Ⅱ型骨科定位片与其购买的外耳矫形器组合使用。可见，是否将Ⅱ型骨科定位片与外耳矫形器组合使用，不是消费者自己所能决定，而是由Ⅱ型骨科定位片的特定结构所决定，故组合后的技术方案实际上是由Ⅱ型骨科定位片与外耳矫形器的制造者所决定，应将Ⅱ型骨科定位片与外耳矫形器的组合作为本案的被诉侵权产品。单独的外耳矫形器缺少涉案专利权利要求1中的“第一夹片”的技术特征，而将Ⅱ型骨科定位片与外耳矫形器的组合则具备涉案专利相关权利要求记载的全部技术特征，落入涉案专利权的保护范围。</p>	<p>同一主体制造的不同产品可以组合使用，且组合使用才落入专利权保护范围的，应当依据使用时实际形成的技术方案，重点考虑该技术方案的形成系由消费者还是制造者决定，来确定侵权责任人。如果有关产品原本可以分别使用，但消费者根据自身需求，将其组合到一起使用，则一般可以认定该组合后产品的技术方案系由消费者决定，不应将制造者作为侵权责任人。如果有关产品无法分别使用而必须相互配合，消费者根据产品的特定结构、功能、使用说明等将其组合到一起使用，则一般可以认定该组合后产品的技术方案系由制造者决定，应将该制造者作为侵权责任人。</p>	<p> 《中华人民共和国专利法》第11条第1款、第64条第1款（本案适用的2009年10月1日施行的《中华人民共和国专利法》第11条第1款、第59条第1款）<br/> 《最高人民法院关于审理侵犯专利权纠纷案件应用法律若干问题的解释》第7条</p><br/>######<p> 一审：浙江省杭州市中级人民法院（2020）浙01知民初277号民事判决（2021年8月27日）<br/> 二审：最高人民法院（2021）最高法知民终2270号行政判决（2023年4月11日）</p>
	\N	\N	2026/1/21 10:27	2026/1/21 10:27	000a0be459875a9f5815fb3f011ff09c	\N	20260421
714	人民法院案例库	https://rmfyalk.court.gov.cn	民事-损害股东利益责任纠纷	2024-08-2-275-001	上海市高级人民法院	民事,损害股东利益,承诺履行,解除限售,损害赔偿	二审	2022.07.25	2	<p> 原告东某证券股份有限公司（以下简称某证券公司）诉称：2018年9月3日，因某证券公司与案外人李某之间的公证债权文书强制执行一案，北京市第二中级人民法院（以下简称北京二中院）依法裁定将李某持有的58410000股“皇某集团股份有限公司（以下简称某集团公司）”（证券代码：002XXX）股票作价人民币300694680元交付某证券公司抵偿债务，案涉股票的所有权及其他权利自裁定送达某证券公司时起转移。某证券公司于2018年9月12日完成了案涉股票的过户手续。根据被告某集团公司披露的公告，案涉股票由某集团公司于2014年向李某发行，用于购买李某持有的某影视集团有限公司（以下简称某影视公司）100%股权；李某对案涉股票设定有业绩承诺，承诺期为2014年至2017年；若李某完成约定的业绩承诺，则限售解除，案涉股票可自由转让。2018年4月26日，某集团公司发布公告，确认李某已完成2014年至2017年约定的业绩承诺，故案涉股票已满足解除限售条件。根据相关解除限售规则，上市公司及其董事会负有向交易所及证券登记结算公司出具文件、配合办理股票解除限售的义务。而在某证券公司多次提出申请要求办理解除限售的情况下，某集团公司一直未履行办理解除限售手续。某证券公司认为，上市公司股东所持股票符合解除限售条件的，上市公司应及时办理解除限售。某集团公司拒不办理解除限售手续的行为，已严重侵害了某证券公司的股东权利，并导致某证券公司未能在股价较高时处置案涉股票，造成某证券公司重大经济损失。根据公司法等规定，某集团公司应当承担停止侵害、赔偿损失等责任。故诉至法院，请求判令：1.被告某集团公司停止对原告某证券公司股东权利的侵害，并立即为某证券公司所持有的全部某集团公司（证券代码：002XXX）共计58410000股限售股办理解除限售手续；2.被告某集团公司赔偿因延迟解除限售而给原告某证券公司造成的损失人民币5000万元（币种下同）；3.被告某集团公司承担本案某证券公司律师费合计30万元等。<br/> 被告某集团公司辩称：1.某集团公司不存在侵权行为或怠于拒绝办理解禁手续的行为，李某曾于2018年3月20日向某集团公司出具《解除股份限售之自律承诺函》，自愿对本案争议股份（包括上述股份实施的送红股，资本公积金转增股份等原因新增的股份）增加解除股份限售之多项自律条件。某证券公司作为受让方应当受到李某所有限售承诺的约束。根据李某的承诺和深圳证券交易所的规则，相关解禁条件未得到满足，故无法解除限售。2.某证券公司知道或应当知道解除限售所需要的条件，某证券公司与李某的质押式回购交易是某证券公司与李某在限售期内违反法律规定提前套现，逃避限售承诺。3.某集团公司没有过错，不存在侵害某证券公司股东权利的行为。某集团公司并没有报告解除限售条件的义务，某证券公司2020年7月第一次发函要求解除限售时，某集团公司及时回函告知了李某2018年3月20日承诺函的内容。4.限售流通股是否解除限售是公司自治范畴，某集团公司已经对此事通过了董事会、股东大会决议，某证券公司应先满足相关前提条件，某集团公司才能解除限售。5.某证券公司主张的损失没有实际发生，股市有涨跌，股票的交易无法预测，某证券公司事后审视当时的行为，并以此计算5000万元的损失，缺乏客观和合理性。某证券公司主张的律师费，不属于必然发生费用，金额不合理，且尚未足额支付，故不应支持。<br/> 法院经审理查明：2014年11月25日，某集团公司发布《广西某乳业股份有限公司发行股份及支付现金购买资产并募集配套资金暨关联交易实施情况及新增股份上市报告书》（广西某乳业股份有限公司为某集团公司原名），载明：（1）某集团公司以发行公司股份35520446股和支付现金人民币20475万元（以下币种相同）相结合的方式，购买李某持有的某影视公司100%股权；（2）李某以资产认购的某集团公司股份在业绩承诺期内（2014年至2017年）不得转让，即在2017年审计报告出具后、《发行股份及支付现金购买资产协议》约定的盈利承诺与补偿责任履行完毕后，方可转让其在本次发行中取得的股份。在上述锁定期限届满后，其转让和交易依照届时有效的法律和深交所的规则办理。<br/> 某证券公司因与案外人李某之间质押回购交易，引发公证债权文书强制执行案，由北京二中院执行。2017年10月12日，北京二中院出具执行裁定书，明确某证券公司有权将人李某出质的58410000股某集团公司股票以折价或拍卖、变卖所得价款优先受偿。2018年1月，该院向某集团公司出具《协助执行通知书》要求其协助法院查明上述质押股份是否达到解除限售条件。某集团公司答复北京二中院称：上述股票尚属限售状态，并提出某集团公司2017年度审计报告尚未出具，某影视公司2017年度业绩完成情况仍有待审计机构的审定，尚未具备办理股票解除限售手续的相关条件。<br/> 针对某影视公司盈利与业绩承诺情况，某集团公司2015-2018年发布多份关于某影视集团有限公司盈利情况报告、承诺完成情况说明。上述报告确认某影视公司2014年至2017年业绩承诺完成率均超100%。除此之外，2018年4月28日，某集团公司发布的《某集团股份有限公司2018年第一季度报告》中，载明了多名股东持有的限售股情况，包括李某、徐某等。同时，在“三、公司实际控制人、股东、关联方、收购人以及公司等承诺相关方在报告期内超期未履行完毕的承诺事项”中，专门载明原股东徐某未完成2016年与2017年的业绩承诺。但该报告未载明李某超期未履行完毕的承诺事项。<br/> 后法院对上述股票进行拍卖。2018年7月31日某集团公司发布《关于公司持股5%以上股东股权将被司法拍卖的提示性公告》，告知了上述法院准备拍卖股票的情况，并载明“本次司法拍卖对公司的正常生产经营不产生影响，公司将持续关注此次拍卖的进展，并根据相关法律法规的规定及时履行信息披露义务。”后因拍卖无法成交，2018年9月北京二中院出具裁定书将李某的限售流通股作价30069.47万元交付某证券公司抵债，办理了过户手续，并随后向某集团公司出具《协助执行通知书》，要求某集团公司协助办理的解除限售手续。2018年9月7日，某证券公司作为信息披露义务人，发布了《某集团股份有限公司简式权益变动报告书》，披露了上述股票抵债情况，并提到李某所持股份对应的所有业绩承诺已完成。<br/> 2020年3月起，某证券公司工作人员王某通过微信向某集团公司工作人员王某芳了解解禁流程及所需材料。在微信沟通记录中，王某表示准备申请解禁，但应该不会减持，并多次向王某芳了解解禁时需要准备的材料清单。王某芳回复称：看了一下相关的材料，基本都是上市公司填，因为规则上都是对于非公开、定增对象的解除限售，对于司法划转的情况没有提及，故要求王某把某证券公司相关案件的判决书等划转文件扫描发给她。但某集团公司后续并未办理。2020年7月24日某证券公司正式向某集团公司发送一封《要求办理股票解禁手续的公函》，要求某集团公司收函后三日内办理解禁手续，随后又于8月5日发出《律师函》，但某集团公司仍未配合解禁，故某证券公司提起诉讼。<br/> 在案件诉讼过程中，某集团公司提出还存在一份载明日期为2018年3月20日、由李某向某集团公司出具的《解除股份限售之自律承诺函》（以下简称《承诺函》），该《承诺函》载明李某自愿增加以下解除股份限售之自律条件：（1）2018年3月20日某影视公司及其子公司产生的应收账款、预付账款、存货及其他应收款，李某已完成全部保值收回。（2）李某因本次交易所取得的现金已完税（包括因后期国家税务政策变化和调整新增的应缴所得税）。（3）就拟申请解除限售部分的股份在未来转让时涉及的个人所得税税金（以申请解除限售时国家相关税务法律政策为准）已足额缴纳至某集团公司。2020年8月13日，某集团公司将上述增加限售条件事宜向深圳证券交易所进行报告。此后，某集团公司先后召开董事会、股东会，通过决议认定李某的新增条件未完成，并同时提出，对于某证券公司因抵债取得股票，应由某证券公司缴纳李某应承担的账款清收和税费责任11110.70万元，然后才可以解除限售。<br/> 上海金融法院于2021年7月29日作出（2020）沪74民初3479号民事判决：一、被告某集团公司应于本判决生效之日起十日内为原告某证券公司所持的某集团公司共计58410000股限售股办理解除限售手续；二、被告某集团公司应于本判决生效之日起十日内赔偿原告某证券公司因延迟解除限售造成的损失人民币500万元；三、被告某集团公司应于本判决生效之日起十日内支付原告某证券公司律师费人民币18万元；四、驳回原告某证券公司的其余诉讼请求。宣判后，某集团公司不服，提起上诉。上海市高级人民法院于2022年7月25日作出（2021）沪民终514号民事判决：驳回上诉，维持原判。</p>	<p> 本案争议的焦点问题是：（一）李某向某集团公司出具的《承诺函》的真实性以及该函对某证券公司要求某集团公司解除限售是否具有约束力；（二）某集团公司通过的股东大会决议是否可以限制某证券公司请求解除限售条件；（三）若某集团公司应配合而不配合某证券公司解除限售，某集团公司应赔偿的某证券公司损失如何确定。<br/> 一、李某向某集团公司出具的《承诺函》的真实性以及该函对某证券公司要求某集团公司解除限售是否具有约束力<br/> 1.直至2020年8月，某集团公司才向某证券公司以及深圳证券交易所提及该份《承诺函》。此前某集团公司发布的多个公告中，不仅未曾提及该《承诺函》，而且明确披露解禁条件已成就。作为上市公司，如存在这样一份《承诺函》并新增了许多解禁条件，会影响原来已经符合条件的股票解禁，却不去对投资者提及，并不符合企业经营常理。在司法拍卖系争股票、某证券公司联系解除限售过程中，多次与某集团公司联系，但某集团公司从未提及存在《承诺函》，故该《承诺函》真实性存疑。2.即便《承诺函》签署日期确系2018年3月20日，但其内容有别于原先的限售承诺，对市场、对投资者、对某证券公司均有重大影响，故应按中国证监会制定的《上市公司信息披露管理办法》《深圳证券交易所中小企业板上市公司规范运作指引（2015年修订）》进行披露。某集团公司直至2020年10月28日才披露，现有的或者潜在的投资者此前无从知晓系争股票又增加了限制条件。3.某证券公司作为司法执行程序的当事人，对执行过程中的公告信息有充分的信赖，根据当时公开信息及拍卖公告，案涉股票上并不存在承诺函、不存在除业绩承诺之外的承诺，原有业绩承诺已经完成，在此基础上，才形成了以司法拍卖的保留价作为抵债价格。如果存在《承诺函》，自然会对抵债价格产生重大影响。基于对某证券公司信赖利益的保护，股票抵债过户之后方才披露的《承诺函》对某证券公司并无约束力。<br/> 二、某集团公司通过的股东大会决议是否可以限制某证券公司请求解除限售条件<br/> 《中华人民共和国公司法》第一百三十七条规定：股东持有的股份可以依法转让。第一百四十四条规定：上市公司的股票，依照有关法律、行政法规及证券交易所交易规则上市交易。根据上述规定，股东有权转让自己所持有的股票，这是股东最基本的权利之一。除非事先存在特别的约定，否则股东大会并不能通过事后的决议程序来限制某位股东转让自己所持有的股票。对于上市公司而言，股东之间的人合性更弱，这种自由转让股票的权利应得到更好的保障。在司法执行程序中，某证券公司基于对系争股票满足自由流通条件这一公开信息的信赖，接受了以股抵债。某集团公司事后通过的股东大会决议，不能约束某证券公司。加之，某集团公司在某证券公司解除限售的申请中，并非一个审批主体，亦无权自行施加其他限制。《深圳证券交易所中小企业板上市公司规范运作指引（2015年修订）》第4.3.6条规定：股东申请限售股份上市流通的，应当委托公司董事会办理相关手续。有鉴于此，某集团公司董事会对此类事项系受托办理手续的角色，其无权通过董事会决议或进一步形成股东大会决议来限制某证券公司的权利。如果施加无理限制，则构成侵权，给某证券公司造成损失的，应予赔偿。<br/> 三、若某集团公司应配合而不配合某证券公司解除限售，某集团公司应赔偿的某证券公司损失如何确定<br/> 《中华人民共和国民法典》第一千一百六十五条规定：侵害民事权益应当承担侵权责任。本案中，某证券公司系某集团公司股东，在某证券公司所持限售股符合解除限售条件的情况下，某集团公司应依据规则予以配合办理，因为解除限售是某证券公司对合法财产行使占有、使用、收益的合法权利。如果某集团公司未履行或怠于履行则构成侵权，应该赔偿某证券公司相应损失。至于损失的计算，民法典第一千一百八十四条规定：侵害他人财产的，财产损失按照损失发生时的市场价格或者其他合理方式计算。某证券公司提出了两种损失计算方式，一是在股价较高时卖出，二是一经解禁便着手卖出，两种计算方式得出的损失均不低于5000万元，故某证券公司认为其主张某集团公司赔偿5000万元损失。某集团公司则对某证券公司的计算方式不认可，提出股票有涨有跌，而且某证券公司未必能够预料到最高点并且在最高点减持。由于股价有涨有跌，在未完成实际减持的情况下，某证券公司的差额损失具有较大的不确定性。某集团公司拒绝配合解禁的行为，有其过错，不仅极有可能造成差价损失，还剥夺了某证券公司的自由选择与交易机会。某集团公司作为一家上市公司，在证券市场融资多年，应该明白这种交易机会的丧失对于作为券商的某证券公司所产生的不利影响。纠纷一次性解决和“一事不再理”是民事诉讼的重要原则，降低当事人诉讼成本，彻底化解纷争也是民事诉讼法应有之意，综合考量了涉诉股票数量、历史成交价、近期股价趋势、某集团公司过错程度以及侵权持续时间等诸多因素后，酌定某证券公司全部损失金额为500万元作为终局赔偿金额，不再保留某证券公司诉权。</p>	<p>上市公司股票限制出售存在种种原因，其中之一是为了防止相关持股主体利用信息不对称等获取短期利益，损害上市公司及其他股东利益，冲击股票市场稳定。在限售股相关承诺已完成的情况下，受让人针对其在司法执行程序中取得的股票，要求上市公司配合办理解除限售手续，上市公司举示未曾公开的隐藏承诺进行对抗的，应当判令上市公司配合办理解禁并赔偿损失。</p>	<p> 《中华人民共和国民法典》第1165条、第1184条<br/> 《中华人民共和国公司法》（2018年修正）第22条、第137条、第144条</p><br/>######<p> 一审：上海金融法院（2020）沪74民初3479号民事判决（2021年7月29日）<br/> 二审：上海市高级人民法院（2021）沪民终514号民事判决（2022年7月25日）</p>
	\N	\N	2026/1/21 10:27	2026/1/21 10:27	0010ac89265b6edaca46dc67539ea5f7	\N	20260421
