id,name,org_type,credit_code,court_level,district_id,source,desensitize,create_time,update_time
court_68d089b5bc00,江苏省泰州市中级人民法院,court,cc_68d089b5bc00,intermediate,CN-32,指导案例库,false,2026-04-21T00:00:00Z,2026-04-21T00:00:00Z
court_7e67f88cc9b4,广东省深圳市中级人民法院,court,cc_7e67f88cc9b4,intermediate,CN-44,指导案例库,false,2026-04-21T00:00:00Z,2026-04-21T00:00:00Z
court_8dc1f3f93b16,重庆市綦江区人民法院,court,cc_8dc1f3f93b16,basic,CN-50,指导案例库,false,2026-04-21T00:00:00Z,2026-04-21T00:00:00Z
court_71312cde4c1e,天津市高级人民法院,court,cc_71312cde4c1e,high,CN-12,指导案例库,false,2026-04-21T00:00:00Z,2026-04-21T00:00:00Z
court_54a66098a2aa,广西壮族自治区百色市中级人民法院,court,cc_54a66098a2aa,intermediate,CN-45,指导案例库,false,2026-04-21T00:00:00Z,2026-04-21T00:00:00Z
court_021ce531e839,重庆市高级人民法院,court,cc_021ce531e839,high,CN-50,指导案例库,false,2026-04-21T00:00:00Z,2026-04-21T00:00:00Z
court_e38b449a2b43,四川省南充市中级人民法院,court,cc_e38b449a2b43,intermediate,CN-51,指导案例库,false,2026-04-21T00:00:00Z,2026-04-21T00:00:00Z
court_99ed5861e1b2,贵州省黔东南苗族侗族自治州中级人民法院,court,cc_99ed5861e1b2,intermediate,CN-52,指导案例库,false,2026-04-21T00:00:00Z,2026-04-21T00:00:00Z
court_3c13e9fc3c76,四川省德阳市中级人民法院,court,cc_3c13e9fc3c76,intermediate,CN-51,指导案例库,false,2026-04-21T00:00:00Z,2026-04-21T00:00:00Z
court_c59f5f4c4ce9,彭水苗族土家族自治县人民法院,court,cc_c59f5f4c4ce9,basic,,指导案例库,false,2026-04-21T00:00:00Z,2026-04-21T00:00:00Z
court_48b38ff724fc,东台市人民法院,court,cc_48b38ff724fc,basic,,指导案例库,false,2026-04-21T00:00:00Z,2026-04-21T00:00:00Z
court_cc36c8792b01,最高人民法院,court,cc_cc36c8792b01,supreme,CN,指导案例库,false,2026-04-21T00:00:00Z,2026-04-21T00:00:00Z
court_0165bcafbd5e,辽宁省高级人民法院,court,cc_0165bcafbd5e,high,CN-21,指导案例库,false,2026-04-21T00:00:00Z,2026-04-21T00:00:00Z
court_02d08839ce0d,江苏省苏州市中级人民法院,court,cc_02d08839ce0d,intermediate,CN-32,指导案例库,false,2026-04-21T00:00:00Z,2026-04-21T00:00:00Z
court_f8dc7efceb7e,上海市第二中级人民法院,court,cc_f8dc7efceb7e,intermediate,CN-31,指导案例库,false,2026-04-21T00:00:00Z,2026-04-21T00:00:00Z
court_5a2d5a68c061,北京市昌平区人民法院,court,cc_5a2d5a68c061,basic,CN-11,指导案例库,false,2026-04-21T00:00:00Z,2026-04-21T00:00:00Z
court_442ccf913b1e,四川省高级人民法院,court,cc_442ccf913b1e,high,CN-51,指导案例库,false,2026-04-21T00:00:00Z,2026-04-21T00:00:00Z
court_01fe37735571,江苏省常州市中级人民法院,court,cc_01fe37735571,intermediate,CN-32,指导案例库,false,2026-04-21T00:00:00Z,2026-04-21T00:00:00Z
court_f410cf3a3790,广东省广州市中级人民法院,court,cc_f410cf3a3790,intermediate,CN-44,指导案例库,false,2026-04-21T00:00:00Z,2026-04-21T00:00:00Z
court_c33b4f5f88cc,无锡市新吴区人民法院,court,cc_c33b4f5f88cc,basic,,指导案例库,false,2026-04-21T00:00:00Z,2026-04-21T00:00:00Z
court_8463494ba6bb,安徽省高级人民法院,court,cc_8463494ba6bb,high,CN-34,指导案例库,false,2026-04-21T00:00:00Z,2026-04-21T00:00:00Z
court_5476d4828416,滑县人民法院,court,cc_5476d4828416,basic,,指导案例库,false,2026-04-21T00:00:00Z,2026-04-21T00:00:00Z
court_28c3d3af8150,江苏省无锡市中级人民法院,court,cc_28c3d3af8150,intermediate,CN-32,指导案例库,false,2026-04-21T00:00:00Z,2026-04-21T00:00:00Z
court_274256826142,北京市第一中级人民法院,court,cc_274256826142,intermediate,CN-11,指导案例库,false,2026-04-21T00:00:00Z,2026-04-21T00:00:00Z
court_c46d0bfeef37,云阳县人民法院,court,cc_c46d0bfeef37,basic,,指导案例库,false,2026-04-21T00:00:00Z,2026-04-21T00:00:00Z
court_b4be5544f1c8,上海市高级人民法院,court,cc_b4be5544f1c8,high,CN-31,指导案例库,false,2026-04-21T00:00:00Z,2026-04-21T00:00:00Z
court_12bb2cf9bf59,吴忠市利通区人民法院,court,cc_12bb2cf9bf59,basic,,指导案例库,false,2026-04-21T00:00:00Z,2026-04-21T00:00:00Z
court_0d53a3a82fee,福建省高级人民法院,court,cc_0d53a3a82fee,high,CN-35,指导案例库,false,2026-04-21T00:00:00Z,2026-04-21T00:00:00Z
court_3059f9f2d897,山西省晋城市中级人民法院,court,cc_3059f9f2d897,intermediate,CN-14,指导案例库,false,2026-04-21T00:00:00Z,2026-04-21T00:00:00Z
court_a4d40261d4cd,封开县人民法院,court,cc_a4d40261d4cd,basic,,指导案例库,false,2026-04-21T00:00:00Z,2026-04-21T00:00:00Z
court_390aa9f85761,北京知识产权法院,court,cc_390aa9f85761,basic,CN-11,指导案例库,false,2026-04-21T00:00:00Z,2026-04-21T00:00:00Z
court_bfc972244ec4,江苏省盐城市中级人民法院,court,cc_bfc972244ec4,intermediate,CN-32,指导案例库,false,2026-04-21T00:00:00Z,2026-04-21T00:00:00Z
court_375378ea92cd,北京市第三中级人民法院,court,cc_375378ea92cd,intermediate,CN-11,指导案例库,false,2026-04-21T00:00:00Z,2026-04-21T00:00:00Z
court_f53aceb83b8c,上海市第一中级人民法院,court,cc_f53aceb83b8c,intermediate,CN-31,指导案例库,false,2026-04-21T00:00:00Z,2026-04-21T00:00:00Z
court_4890c20227c3,成都市锦江区人民法院,court,cc_4890c20227c3,basic,,指导案例库,false,2026-04-21T00:00:00Z,2026-04-21T00:00:00Z
court_7516d1b44087,浙江省高级人民法院,court,cc_7516d1b44087,high,CN-33,指导案例库,false,2026-04-21T00:00:00Z,2026-04-21T00:00:00Z
court_8f689467c4ff,长沙铁路运输法院,court,cc_8f689467c4ff,basic,,指导案例库,false,2026-04-21T00:00:00Z,2026-04-21T00:00:00Z
court_eadf8ec849ca,厦门市集美区人民法院,court,cc_eadf8ec849ca,basic,,指导案例库,false,2026-04-21T00:00:00Z,2026-04-21T00:00:00Z
court_de45505867da,上海市嘉定区人民法院,court,cc_de45505867da,basic,CN-31,指导案例库,false,2026-04-21T00:00:00Z,2026-04-21T00:00:00Z
court_e26459a87a84,苍溪县人民法院,court,cc_e26459a87a84,basic,,指导案例库,false,2026-04-21T00:00:00Z,2026-04-21T00:00:00Z
court_df41dbb1d10f,浙江省衢州市中级人民法院,court,cc_df41dbb1d10f,intermediate,CN-33,指导案例库,false,2026-04-21T00:00:00Z,2026-04-21T00:00:00Z
court_37f0da6d4183,山西省太原市中级人民法院,court,cc_37f0da6d4183,intermediate,CN-14,指导案例库,false,2026-04-21T00:00:00Z,2026-04-21T00:00:00Z
court_1d480b00bc8c,孝义市人民法院,court,cc_1d480b00bc8c,basic,,指导案例库,false,2026-04-21T00:00:00Z,2026-04-21T00:00:00Z
