case_id,provision_id,citation_position,citation_purpose
ccase_58c50b304c33,provision_562c52feb308,judgment_reason,说理依据
ccase_58c50b304c33,provision_460d0d236527,basic_facts,反驳依据
ccase_58c50b304c33,provision_5dd287fc5cde,basic_facts,反驳依据
ccase_58c50b304c33,provision_1f39d9224444,basic_facts,说理依据
ccase_58c50b304c33,provision_5db008c591d2,basic_facts,说理依据
ccase_58c50b304c33,provision_c9162134c88b,judgment_reason,适用依据
ccase_58c50b304c33,provision_f6fc2e532ad5,judgment_reason,适用依据
ccase_58c50b304c33,provision_945f63cb3db9,judgment_essence,说理依据
ccase_58c50b304c33,provision_85f6351f44fb,judgment_reason,适用依据
ccase_58c50b304c33,provision_9404b2475637,judgment_reason,适用依据
ccase_58c50b304c33,provision_064f25d50ee6,judgment_reason,适用依据
ccase_58c50b304c33,provision_5d7a4274cff9,basic_facts,反驳依据
ccase_58c50b304c33,provision_d508d283089c,basic_facts,反驳依据
ccase_58c50b304c33,provision_576cc347175d,judgment_reason,适用依据
ccase_58c50b304c33,provision_4fceca2eabc6,judgment_reason,说理依据
ccase_58c50b304c33,provision_c8901987a9db,judgment_reason,适用依据
ccase_58c50b304c33,provision_4a9ae79540c1,judgment_reason,适用依据
ccase_58c50b304c33,provision_b4a1729f8dd7,judgment_reason,说理依据
ccase_58c50b304c33,provision_5b7479447691,judgment_reason,说理依据
ccase_58c50b304c33,provision_16e81cf0d126,judgment_reason,说理依据
ccase_58c50b304c33,provision_984d438404f1,judgment_reason,说理依据
ccase_58c50b304c33,provision_c61f94159ae5,judgment_reason,说理依据
ccase_58c50b304c33,provision_d085797fceaf,judgment_reason,适用依据
ccase_58c50b304c33,provision_fef38dd65519,judgment_reason,适用依据
ccase_58c50b304c33,provision_6089c80d2898,judgment_reason,适用依据
ccase_58c50b304c33,provision_783cb956b10e,judgment_reason,说理依据
ccase_58c50b304c33,provision_c80e9d55b6eb,judgment_reason,说理依据
ccase_58c50b304c33,provision_bd1c30f9b3dd,judgment_reason,适用依据
ccase_58c50b304c33,provision_59e9751d823d,judgment_reason,适用依据
ccase_58c50b304c33,provision_dea792bea482,judgment_reason,适用依据
ccase_58c50b304c33,provision_9ff0aca2245b,judgment_reason,适用依据
ccase_58c50b304c33,provision_6ced4db51e78,judgment_reason,说理依据
ccase_58c50b304c33,provision_cc508b5a9930,judgment_reason,适用依据
ccase_58c50b304c33,provision_145c7b8a3cc8,judgment_reason,说理依据
ccase_58c50b304c33,provision_7efb66fb0baf,judgment_reason,说理依据
ccase_58c50b304c33,provision_2ca6e698f479,judgment_reason,适用依据
ccase_58c50b304c33,provision_84e1ad73d3be,judgment_reason,说理依据
ccase_58c50b304c33,provision_54e5bf8e2412,judgment_reason,说理依据
ccase_58c50b304c33,provision_1c6c78a3a87e,judgment_reason,说理依据
ccase_58c50b304c33,provision_013a1fa11c3f,judgment_reason,说理依据
ccase_58c50b304c33,provision_0a532ad8ede9,judgment_reason,适用依据
ccase_58c50b304c33,provision_74ccb050e97b,judgment_reason,说理依据
ccase_58c50b304c33,provision_35d3e42bdd39,judgment_reason,说理依据
ccase_58c50b304c33,provision_4e179c40c7cc,judgment_reason,适用依据
ccase_58c50b304c33,provision_08ae9f13aa98,judgment_reason,适用依据
ccase_58c50b304c33,provision_69004c67eae9,judgment_reason,说理依据
ccase_58c50b304c33,provision_ff5e655f8458,judgment_reason,适用依据
ccase_58c50b304c33,provision_679eb8dbc7f5,judgment_reason,说理依据
ccase_58c50b304c33,provision_8f7caaf4bb08,judgment_reason,适用依据
ccase_58c50b304c33,provision_c081432709e6,judgment_reason,说理依据
ccase_58c50b304c33,provision_8800e842a08f,judgment_reason,说理依据
ccase_58c50b304c33,provision_ab5cea8e94a8,judgment_reason,说理依据
ccase_58c50b304c33,provision_10844bed6d6c,judgment_reason,说理依据
ccase_58c50b304c33,provision_6d705651c57e,judgment_reason,反驳依据
ccase_58c50b304c33,provision_25788c012284,judgment_reason,说理依据
ccase_58c50b304c33,provision_f9a39443c771,judgment_reason,说理依据
ccase_58c50b304c33,provision_f22a85d9eb34,judgment_reason,适用依据
ccase_58c50b304c33,provision_361f56231579,judgment_reason,说理依据
ccase_58c50b304c33,provision_f305d652caf4,judgment_reason,说理依据
ccase_58c50b304c33,provision_8a33e5b557cc,judgment_essence,适用依据
ccase_58c50b304c33,provision_6fb8ed72eeca,judgment_reason,适用依据
ccase_58c50b304c33,provision_835c030c9f51,judgment_reason,适用依据
ccase_58c50b304c33,provision_ad5d8f7ffe6d,judgment_reason,适用依据
ccase_58c50b304c33,provision_9e1fa9430317,judgment_reason,适用依据
ccase_58c50b304c33,provision_e41e5827e7b2,judgment_reason,说理依据
ccase_58c50b304c33,provision_32959ec46f1b,judgment_reason,说理依据
ccase_58c50b304c33,provision_49b4a9c0d3de,judgment_reason,说理依据
ccase_58c50b304c33,provision_ea6895e48153,judgment_reason,反驳依据
ccase_58c50b304c33,provision_c584891e74ad,judgment_reason,说理依据
ccase_58c50b304c33,provision_39227e4f6f5d,judgment_reason,说理依据
ccase_58c50b304c33,provision_296bf74e748a,judgment_reason,说理依据
ccase_58c50b304c33,provision_19f1762038f8,judgment_reason,适用依据
ccase_58c50b304c33,provision_d502e0645e22,judgment_reason,说理依据
ccase_58c50b304c33,provision_f1cb486c1659,judgment_reason,说理依据
ccase_58c50b304c33,provision_74fe326488d4,basic_facts,反驳依据
ccase_58c50b304c33,provision_9ee7f61bad3d,judgment_reason,说理依据
ccase_58c50b304c33,provision_26a0a25d2533,judgment_reason,说理依据
ccase_58c50b304c33,provision_336e1002b3f5,judgment_reason,适用依据
ccase_58c50b304c33,provision_b4b8ee3a090a,judgment_reason,适用依据
ccase_58c50b304c33,provision_1e00c48025dd,judgment_reason,说理依据
ccase_58c50b304c33,provision_81698f01fe92,judgment_reason,适用依据
ccase_58c50b304c33,provision_74644015418d,judgment_reason,适用依据
ccase_58c50b304c33,provision_9062665d5f16,judgment_reason,适用依据
ccase_58c50b304c33,provision_bae99868bc93,judgment_reason,适用依据
ccase_58c50b304c33,provision_a50b121b5bfe,judgment_reason,适用依据
ccase_58c50b304c33,provision_8da676b06f22,judgment_reason,适用依据
ccase_58c50b304c33,provision_7137b6a4fea3,judgment_reason,说理依据
ccase_58c50b304c33,provision_ed9870492a21,judgment_reason,说理依据
ccase_58c50b304c33,provision_f5b5a425b131,judgment_reason,说理依据
ccase_58c50b304c33,provision_61bf5efb82d1,judgment_reason,说理依据
ccase_58c50b304c33,provision_70cd7e807790,judgment_reason,适用依据
ccase_58c50b304c33,provision_ef75b313926d,judgment_reason,说理依据
ccase_58c50b304c33,provision_06dd428cfe0d,judgment_reason,说理依据
ccase_58c50b304c33,provision_72ecfa9041db,judgment_reason,适用依据
ccase_58c50b304c33,provision_e5287ba8a73f,judgment_reason,适用依据
ccase_58c50b304c33,provision_e825a5829d2e,judgment_reason,适用依据
ccase_58c50b304c33,provision_e642179649fe,judgment_reason,说理依据
ccase_58c50b304c33,provision_4bdc6611c16d,judgment_reason,说理依据
ccase_58c50b304c33,provision_766dcb49ef3f,judgment_reason,说理依据
ccase_58c50b304c33,provision_c058e82f80d3,judgment_reason,适用依据
ccase_58c50b304c33,provision_f4685b02dfdc,judgment_reason,适用依据
ccase_58c50b304c33,provision_4049759b7b5b,judgment_reason,适用依据
ccase_58c50b304c33,provision_a090a26ed272,judgment_reason,适用依据
ccase_58c50b304c33,provision_d44bf5690a7c,judgment_essence,说理依据
ccase_58c50b304c33,provision_55380d047e0d,judgment_reason,适用依据
ccase_58c50b304c33,provision_5b9982237ca0,judgment_essence,适用依据
ccase_58c50b304c33,provision_8ceea492ca26,judgment_reason,说理依据
ccase_58c50b304c33,provision_3457bc75ae8e,judgment_reason,适用依据
ccase_58c50b304c33,provision_9c327d9c8524,judgment_reason,说理依据
ccase_58c50b304c33,provision_363592b430b9,judgment_reason,说理依据
