case_id,court_id
ccase_58c50b304c33,court_68d089b5bc00
ccase_9b9001ead4b5,court_68d089b5bc00
ccase_5e4b82785782,court_7e67f88cc9b4
ccase_5b57445de36e,court_8dc1f3f93b16
ccase_d9158edda92c,court_71312cde4c1e
ccase_9bdb3b5ad417,court_71312cde4c1e
ccase_89d6e7be58f1,court_54a66098a2aa
ccase_0f25d434e6dc,court_54a66098a2aa
ccase_ff60c9e4c6e0,court_021ce531e839
ccase_254bf9877015,court_021ce531e839
ccase_030ff079cda4,court_021ce531e839
ccase_7b6543e12fdc,court_021ce531e839
ccase_4b81c1eab70d,court_021ce531e839
ccase_1af6f7487c57,court_021ce531e839
ccase_d5f5b433b717,court_021ce531e839
ccase_c68bd36d41a5,court_e38b449a2b43
ccase_bfb6514f52a8,court_e38b449a2b43
ccase_7189b35d0dea,court_99ed5861e1b2
ccase_b4e7cea156e8,court_99ed5861e1b2
ccase_908b005814dd,court_3c13e9fc3c76
ccase_9fb482544de9,court_3c13e9fc3c76
ccase_ffedcb95cbce,court_c59f5f4c4ce9
ccase_d41d8cd98f00,court_48b38ff724fc
ccase_74ecabdb17fc,court_cc36c8792b01
ccase_c0da9b6eb973,court_cc36c8792b01
ccase_66d9d44a7551,court_0165bcafbd5e
ccase_e6526e38a8a5,court_0165bcafbd5e
ccase_9014ed355f7e,court_0165bcafbd5e
ccase_eb31d0ec6d4b,court_0165bcafbd5e
ccase_279e65fe627b,court_02d08839ce0d
ccase_fc74d3699fae,court_02d08839ce0d
ccase_2e72c5120e04,court_f8dc7efceb7e
ccase_10ca2f892f6e,court_5a2d5a68c061
ccase_d41d8cd98f00,court_cc36c8792b01
ccase_036d6c42d96d,court_442ccf913b1e
ccase_f8854f4378bd,court_442ccf913b1e
ccase_1a2da07f32f5,court_01fe37735571
ccase_f587ef8a368e,court_01fe37735571
ccase_48d5d05041f2,court_cc36c8792b01
ccase_1bebe4de36ed,court_cc36c8792b01
ccase_9f675222c067,court_f410cf3a3790
ccase_5e165d5fff78,court_f410cf3a3790
ccase_73db37a922dc,court_c33b4f5f88cc
ccase_b0da37f6b223,court_8463494ba6bb
ccase_ec91b818b799,court_8463494ba6bb
ccase_50e5a9c90cff,court_8463494ba6bb
ccase_970e47e8a2ee,court_5476d4828416
ccase_dfd73b335ccc,court_28c3d3af8150
ccase_498cc36b1a00,court_28c3d3af8150
ccase_54c5a51ed315,court_f8dc7efceb7e
ccase_dea5f8ef73f8,court_f8dc7efceb7e
ccase_428a745fa7d7,court_cc36c8792b01
ccase_ea36dc6a25db,court_cc36c8792b01
ccase_9e053848950d,court_cc36c8792b01
ccase_5407dd4996b6,court_274256826142
ccase_fcd702fdba68,court_274256826142
ccase_beecb3b286d1,court_c46d0bfeef37
ccase_d41d8cd98f00,court_b4be5544f1c8
ccase_09473bfccb77,court_12bb2cf9bf59
ccase_d41d8cd98f00,court_12bb2cf9bf59
ccase_753c47fab983,court_0d53a3a82fee
ccase_f8bcf1565014,court_0d53a3a82fee
ccase_c826ebe5be40,court_0d53a3a82fee
ccase_a6714cd68757,court_0d53a3a82fee
ccase_952e228a1019,court_0d53a3a82fee
ccase_e022e950310e,court_0d53a3a82fee
ccase_6a2c5f91a83c,court_3059f9f2d897
ccase_3625a8ea41ca,court_3059f9f2d897
ccase_fe0d29e9066c,court_a4d40261d4cd
ccase_f0d2a8df76f2,court_390aa9f85761
ccase_5fbfc0a6dcd2,court_390aa9f85761
ccase_409d305c8bfc,court_bfc972244ec4
ccase_d78c4b0d2d1d,court_bfc972244ec4
ccase_581530c85e24,court_375378ea92cd
ccase_9830f1adb142,court_375378ea92cd
ccase_c409d3418f31,court_375378ea92cd
ccase_9cae04b4c7ae,court_375378ea92cd
ccase_dc499edc0c06,court_f53aceb83b8c
ccase_22e56153f701,court_f53aceb83b8c
ccase_d1aadb8691a6,court_4890c20227c3
ccase_4485c556b88a,court_bfc972244ec4
ccase_f9c882cb2440,court_bfc972244ec4
ccase_e0e968d6b05d,court_bfc972244ec4
ccase_eee2894395c5,court_bfc972244ec4
ccase_271d5dc4ffb0,court_bfc972244ec4
ccase_06c279f95600,court_bfc972244ec4
ccase_11e59a130299,court_7516d1b44087
ccase_6ddfa606012b,court_7516d1b44087
ccase_e03f7b44754e,court_8f689467c4ff
ccase_2b3f7dbde9a1,court_eadf8ec849ca
ccase_a6b60fe4df05,court_de45505867da
ccase_186830f33f9e,court_390aa9f85761
ccase_0d74d707ab8d,court_390aa9f85761
ccase_f6c357a0de0d,court_e26459a87a84
ccase_cf73bdaddbd1,court_bfc972244ec4
ccase_919db9f055f1,court_bfc972244ec4
ccase_4cfa9a211aa7,court_df41dbb1d10f
ccase_b46fd2b2aacc,court_df41dbb1d10f
ccase_fe8b1aa3cebf,court_37f0da6d4183
ccase_155399798efe,court_37f0da6d4183
ccase_8e13db16cb93,court_1d480b00bc8c
