case_id,subject_id,role_code,role_name
ccase_58c50b304c33,person_991c29638a2c,plaintiff,原告
ccase_9b9001ead4b5,person_991c29638a2c,applicant,上诉人
ccase_58c50b304c33,org_7f985c7bb86d,defendant,被告
ccase_9b9001ead4b5,org_7f985c7bb86d,respondent,被上诉人
ccase_5e4b82785782,person_1d2586a32be3,applicant,申请人
ccase_5e4b82785782,person_971ba1f4731a,respondent,被申请人
ccase_5b57445de36e,org_e74ac7bdb115,plaintiff,原告
ccase_5b57445de36e,person_71bed6d773f3,defendant,被告
ccase_d9158edda92c,person_98bf3388a620,defendant,被告人
ccase_9bdb3b5ad417,person_98bf3388a620,defendant,上诉人
ccase_d9158edda92c,person_dbd86fb60a94,witness,被害人
ccase_89d6e7be58f1,org_4d2d5c33c202,plaintiff,原告
ccase_89d6e7be58f1,org_22acea27e2d5,defendant,被告
ccase_89d6e7be58f1,person_fae1650894eb,third_party,职工
ccase_ff60c9e4c6e0,person_4de6f982e276,defendant,被告人
ccase_254bf9877015,person_4de6f982e276,defendant,上诉人
ccase_030ff079cda4,person_4de6f982e276,defendant,被告人
ccase_7b6543e12fdc,person_4de6f982e276,defendant,上诉人
ccase_4b81c1eab70d,person_4de6f982e276,applicant,赔偿请求人
ccase_1af6f7487c57,person_4de6f982e276,applicant,赔偿请求人
ccase_d5f5b433b717,person_4de6f982e276,applicant,申诉人
ccase_ff60c9e4c6e0,org_b69ad0101410,prosecutor,公诉机关
ccase_4b81c1eab70d,org_51c392943158,respondent,赔偿义务机关
ccase_1af6f7487c57,org_51c392943158,respondent,赔偿义务机关
ccase_d5f5b433b717,org_51c392943158,respondent,赔偿义务机关
ccase_d5f5b433b717,org_89fa76295c18,third_party,刑事拘留实施机关
ccase_c68bd36d41a5,person_b31050677a25,defendant,被告人
ccase_bfb6514f52a8,person_b31050677a25,defendant,上诉人
ccase_c68bd36d41a5,person_03260791e711,witness,被害人
ccase_c68bd36d41a5,person_48acc78569d7,witness,被害人
ccase_c68bd36d41a5,org_c1321148f35b,prosecutor,公诉机关
ccase_7189b35d0dea,person_d7b026d715be,plaintiff,原告
ccase_b4e7cea156e8,person_d7b026d715be,defendant,上诉人
ccase_7189b35d0dea,org_e303bfb83e3b,defendant,被告
ccase_b4e7cea156e8,org_e303bfb83e3b,plaintiff,上诉人
ccase_7189b35d0dea,person_d7a1805d895d,defendant,被告
ccase_b4e7cea156e8,person_681688e6f611,third_party,亲戚
ccase_908b005814dd,org_1f45dc77cb31,defendant,被告单位
ccase_908b005814dd,person_d39932b41d08,defendant,被告人
ccase_908b005814dd,person_ab391fd31e3b,defendant,被告人
ccase_908b005814dd,org_1d7f02cadfca,prosecutor,公诉机关
ccase_ffedcb95cbce,person_cead77487057,plaintiff,原告
ccase_ffedcb95cbce,org_6123cf875005,defendant,被告
ccase_ffedcb95cbce,org_729246773307,defendant,被告
ccase_ffedcb95cbce,person_8fe0056d62c9,defendant,被告
ccase_ffedcb95cbce,person_38663bc5001a,defendant,被告
ccase_d41d8cd98f00,person_a3eeefec69cc,defendant,被告人
ccase_d41d8cd98f00,person_22d4fa267430,defendant,被告人
ccase_d41d8cd98f00,person_7b150e388f5f,defendant,被告人
ccase_d41d8cd98f00,person_b18d1dba4bf4,defendant,被告人
ccase_d41d8cd98f00,person_8221155d1a7a,defendant,被告人
ccase_d41d8cd98f00,person_b2d3ce3d2e01,defendant,被告人
ccase_d41d8cd98f00,person_f9e77019f596,defendant,被告人
ccase_d41d8cd98f00,person_395619effc48,defendant,被告人
ccase_d41d8cd98f00,person_9f12d1130d0a,defendant,被告人
ccase_d41d8cd98f00,person_a0ae43283075,defendant,被告人
ccase_d41d8cd98f00,org_e4895bc27870,prosecutor,公诉机关
ccase_74ecabdb17fc,org_7a4dba1a2fe4,plaintiff,原告
ccase_c0da9b6eb973,org_7a4dba1a2fe4,applicant,上诉人
ccase_74ecabdb17fc,org_4c5134c7da14,third_party,第三人
ccase_74ecabdb17fc,org_c67b95e85b99,defendant,被告
ccase_c0da9b6eb973,org_c67b95e85b99,respondent,被上诉人
ccase_66d9d44a7551,person_fe6d7bf2ae2f,plaintiff,原告
ccase_9014ed355f7e,person_fe6d7bf2ae2f,applicant,再审申请人
ccase_eb31d0ec6d4b,person_fe6d7bf2ae2f,applicant,再审申请人
ccase_66d9d44a7551,org_476a48ae42cb,defendant,被告
ccase_9014ed355f7e,org_476a48ae42cb,respondent,被申请人
ccase_eb31d0ec6d4b,org_476a48ae42cb,respondent,被申请人
ccase_66d9d44a7551,org_ef5982d19cbd,third_party,案外人
ccase_66d9d44a7551,org_1239e5b35dcf,third_party,进口商
ccase_66d9d44a7551,org_a46de9a06b9a,third_party,报关公司
ccase_279e65fe627b,person_82739c49e121,defendant,被告人
ccase_279e65fe627b,person_168d32195cc0,defendant,被告人
ccase_279e65fe627b,person_784d896aae18,defendant,同案被告人
ccase_279e65fe627b,person_87eeb9158f83,defendant,同案被告人
ccase_279e65fe627b,person_4cf88d19ec02,defendant,同案被告人
ccase_fc74d3699fae,person_4cf88d19ec02,defendant,上诉人
ccase_279e65fe627b,person_1b9a8075e047,witness,被害人
ccase_279e65fe627b,person_ef2c59353400,witness,被害人
ccase_fc74d3699fae,person_9e6686413cdb,defendant,另案处理
ccase_2e72c5120e04,person_af1664eb5104,defendant,被告人
ccase_2e72c5120e04,person_6b954661449b,defendant,被告人
ccase_2e72c5120e04,person_071bfdef8b27,witness,另案处理
ccase_2e72c5120e04,person_9ed592602fbe,witness,证人
ccase_2e72c5120e04,person_1281b91cb607,witness,证人
ccase_2e72c5120e04,org_f0fb3179c16c,prosecutor,公诉机关
ccase_10ca2f892f6e,person_dc244f395842,defendant,被告人
ccase_10ca2f892f6e,person_9dc6a01ee2ba,witness,被害人
ccase_10ca2f892f6e,person_7e37690a6010,third_party,同乘人
ccase_d41d8cd98f00,org_7956f9108f74,plaintiff,原告
ccase_d41d8cd98f00,org_7cc1b8783ebb,defendant,被告
ccase_d41d8cd98f00,org_661a230cfe2b,third_party,债权人（原债权人）
ccase_d41d8cd98f00,org_988d64d6c0e8,third_party,债权人（原债权人）
ccase_d41d8cd98f00,org_afaa4b31d759,third_party,债权受让人
ccase_036d6c42d96d,person_fc0b27048a76,plaintiff,原告
ccase_036d6c42d96d,person_5a1cfa10d2de,defendant,被告
ccase_036d6c42d96d,person_1a904773954f,defendant,被告
ccase_036d6c42d96d,person_61c45e4b0d60,defendant,被告
ccase_036d6c42d96d,person_c1072654becc,defendant,被告
ccase_036d6c42d96d,person_4cc3190bb11a,defendant,被告
ccase_036d6c42d96d,person_11718a3584ad,third_party,第三人
ccase_036d6c42d96d,person_2862829add98,third_party,被继承人
ccase_036d6c42d96d,person_56d3f1c11e88,third_party,被继承人
ccase_036d6c42d96d,person_ac16188483bf,third_party,被继承人
ccase_036d6c42d96d,person_72289b38cffd,third_party,被继承人
ccase_036d6c42d96d,person_42975ce314a6,third_party,被继承人
ccase_1a2da07f32f5,person_865a68eda439,defendant,被告人
ccase_f587ef8a368e,person_865a68eda439,defendant,上诉人
ccase_1a2da07f32f5,person_01aace2c89fd,defendant,被告人
ccase_f587ef8a368e,person_01aace2c89fd,defendant,上诉人
ccase_1a2da07f32f5,person_07d5f43e660d,defendant,被告人
ccase_f587ef8a368e,person_07d5f43e660d,defendant,上诉人
ccase_1a2da07f32f5,person_1b009c7f7567,defendant,被告人
ccase_f587ef8a368e,person_a2fa6b90eabd,defendant,另案处理
ccase_f587ef8a368e,person_318a916e59f6,defendant,另案处理
ccase_f587ef8a368e,person_8794c88ac8d2,defendant,另案处理
ccase_48d5d05041f2,org_e76b5327319d,plaintiff,原告
ccase_1bebe4de36ed,org_e76b5327319d,plaintiff,上诉人
ccase_48d5d05041f2,org_d313cc2fbe45,plaintiff,原告
ccase_1bebe4de36ed,org_d313cc2fbe45,plaintiff,上诉人
ccase_48d5d05041f2,org_2544d06cab5e,defendant,被告
ccase_1bebe4de36ed,org_2544d06cab5e,defendant,上诉人
ccase_48d5d05041f2,org_f4218f912500,defendant,被告
ccase_1bebe4de36ed,org_f4218f912500,defendant,上诉人
ccase_1bebe4de36ed,person_b536708cb725,defendant,被告
ccase_1bebe4de36ed,person_2a606f773972,defendant,被告
ccase_1bebe4de36ed,person_af7d28fa741e,defendant,被告
ccase_9f675222c067,person_36772bf890ee,plaintiff,原告
ccase_9f675222c067,org_7ad6261f6b51,defendant,被告
ccase_9f675222c067,org_a93c9d5a6140,defendant,被告
ccase_5e165d5fff78,org_a93c9d5a6140,applicant,上诉人
ccase_73db37a922dc,org_3e74e863816b,defendant,被告单位
ccase_73db37a922dc,person_79ce0ff7b058,defendant,被告人
ccase_73db37a922dc,person_76a5818069cc,defendant,被告人
ccase_73db37a922dc,org_8428e3781f76,defendant,被告单位
ccase_73db37a922dc,person_3fb641339764,defendant,被告人
ccase_73db37a922dc,person_f77015bc5aef,defendant,被告人
ccase_73db37a922dc,person_81bef241676b,defendant,被告人
ccase_73db37a922dc,person_8bfdf30b3e1a,defendant,被告人
ccase_b0da37f6b223,person_fcadd19793bf,applicant,申请人
ccase_b0da37f6b223,person_4477ef7774e7,respondent,被执行人
ccase_ec91b818b799,person_4477ef7774e7,applicant,赔偿请求人
ccase_50e5a9c90cff,person_4477ef7774e7,applicant,申诉人
ccase_b0da37f6b223,org_c679d84f3b37,respondent,赔偿义务机关
ccase_970e47e8a2ee,person_d41b6a4ff69b,applicant,赔偿请求人
ccase_970e47e8a2ee,org_db5e655f12ce,respondent,赔偿义务机关
ccase_970e47e8a2ee,org_c0252093b58a,prosecutor,公诉机关
ccase_970e47e8a2ee,org_c3159dac1c0f,defendant,侦查机关
ccase_dfd73b335ccc,person_5fe474937f93,defendant,被告人
ccase_498cc36b1a00,person_5fe474937f93,defendant,上诉人
ccase_dfd73b335ccc,person_27b30b91dd98,defendant,被告人
ccase_dfd73b335ccc,person_8111684bcdc2,witness,被害人
ccase_dfd73b335ccc,person_c46ef76e7a38,witness,被害人
ccase_54c5a51ed315,org_833fe5733916,defendant,被告
ccase_dea5f8ef73f8,org_833fe5733916,defendant,上诉人
ccase_54c5a51ed315,org_c6d4a7e36727,plaintiff,原告
ccase_dea5f8ef73f8,org_c6d4a7e36727,defendant,被上诉人
ccase_dea5f8ef73f8,org_deeb7cfaa7fb,third_party,股东
ccase_dea5f8ef73f8,person_2391d2d975ac,agent,法定代表人
ccase_428a745fa7d7,org_d21611d32ddc,defendant,被告
ccase_ea36dc6a25db,org_d21611d32ddc,defendant,被上诉人
ccase_9e053848950d,org_d21611d32ddc,applicant,再审申请人
ccase_428a745fa7d7,org_5c47d887974d,third_party,合同相对方
ccase_428a745fa7d7,org_ca14e7dc9a25,plaintiff,原告
ccase_ea36dc6a25db,org_ca14e7dc9a25,applicant,上诉人
ccase_9e053848950d,org_ca14e7dc9a25,applicant,再审申请人
ccase_428a745fa7d7,person_8b19df4ac1b8,third_party,股东
ccase_428a745fa7d7,person_0f58a455d8c2,third_party,股东
ccase_fcd702fdba68,person_e582c17fbdf4,witness,死者
ccase_5407dd4996b6,org_6a922cda77b1,plaintiff,原告
ccase_fcd702fdba68,org_6a922cda77b1,appellant,上诉人
ccase_fcd702fdba68,person_b018f58c9ae4,third_party,第三人
ccase_5407dd4996b6,org_af55d3b3a129,defendant,被告
ccase_fcd702fdba68,org_af55d3b3a129,respondent,被上诉人
ccase_beecb3b286d1,person_788da1a83c32,plaintiff,原告
ccase_beecb3b286d1,org_644b2973e8d5,defendant,被告
ccase_beecb3b286d1,org_c3e278e792d1,third_party,第三人
ccase_beecb3b286d1,org_42b714918560,third_party,第三人
ccase_d41d8cd98f00,org_5bd03fabd3a2,plaintiff,原告
ccase_d41d8cd98f00,org_3442dd1e66fd,defendant,被告
ccase_d41d8cd98f00,person_802c71cc8734,third_party,案外人
ccase_09473bfccb77,org_37e0a2c4e5ac,plaintiff,原告
ccase_d41d8cd98f00,org_37e0a2c4e5ac,applicant,申请执行人
ccase_09473bfccb77,person_0d7016425379,defendant,被告
ccase_d41d8cd98f00,person_0d7016425379,respondent,被执行人
ccase_753c47fab983,person_3d6f931a51fc,defendant,被告人
ccase_f8bcf1565014,person_3d6f931a51fc,defendant,上诉人
ccase_c826ebe5be40,person_3d6f931a51fc,applicant,申诉人
ccase_a6714cd68757,person_3d6f931a51fc,defendant,被告人
ccase_952e228a1019,person_3d6f931a51fc,applicant,赔偿请求人
ccase_e022e950310e,person_3d6f931a51fc,applicant,赔偿请求人
ccase_753c47fab983,org_a1f8d167f41c,defendant,一审法院
ccase_f8bcf1565014,org_492984683633,defendant,二审法院
ccase_a6714cd68757,org_492984683633,defendant,再审法院
ccase_952e228a1019,org_492984683633,respondent,赔偿义务机关
ccase_e022e950310e,org_492984683633,respondent,赔偿义务机关
ccase_c826ebe5be40,org_0d53a3a82fee,defendant,再审决定法院
ccase_e022e950310e,org_0d53a3a82fee,defendant,赔偿委员会
ccase_753c47fab983,person_5489d3766ba9,witness,被害人
ccase_753c47fab983,person_3843863939ab,witness,被害人
ccase_753c47fab983,person_7e523462a3d1,witness,被害人
ccase_6a2c5f91a83c,org_29434506661b,applicant,申请执行人
ccase_3625a8ea41ca,org_29434506661b,applicant,申请执行人
ccase_6a2c5f91a83c,org_d48834f1359b,respondent,被执行人
ccase_3625a8ea41ca,org_d48834f1359b,respondent,被执行人
ccase_6a2c5f91a83c,org_d579acbd8847,third_party,第三人
ccase_3625a8ea41ca,org_d579acbd8847,third_party,第三人
ccase_6a2c5f91a83c,person_165ada64eee2,third_party,案外人
ccase_3625a8ea41ca,person_165ada64eee2,third_party,案外人
ccase_fe0d29e9066c,person_b4ed2527cb75,defendant,被告人
ccase_fe0d29e9066c,org_e9ebc25c3c38,prosecutor,公诉机关
ccase_fe0d29e9066c,org_8e50e3925d88,witness,被害人
ccase_f0d2a8df76f2,org_f0ec4b4bace5,plaintiff,原告
ccase_f0d2a8df76f2,org_7e9e8bc94e19,defendant,被告
ccase_f0d2a8df76f2,org_be0ba2c840c9,defendant,被告
ccase_f0d2a8df76f2,org_8eeac524db9c,defendant,被告
ccase_f0d2a8df76f2,person_6fb2f502c495,defendant,被告
ccase_f0d2a8df76f2,person_f9a0316a9258,defendant,被告
ccase_f0d2a8df76f2,person_3c2ec6765a9a,defendant,被告
ccase_409d305c8bfc,org_5adeed8e3345,defendant,被告单位
ccase_d78c4b0d2d1d,org_5adeed8e3345,defendant,被告单位
ccase_409d305c8bfc,org_50df3de86320,defendant,被告单位
ccase_d78c4b0d2d1d,org_50df3de86320,defendant,被告单位
ccase_409d305c8bfc,person_d34e08ed3a93,defendant,被告人
ccase_d78c4b0d2d1d,person_d34e08ed3a93,defendant,上诉人
ccase_409d305c8bfc,person_8ffcd0761c7c,defendant,被告人
ccase_d78c4b0d2d1d,person_8ffcd0761c7c,defendant,上诉人
ccase_409d305c8bfc,person_cb55cd161666,defendant,被告人
ccase_d78c4b0d2d1d,person_cb55cd161666,defendant,上诉人
ccase_409d305c8bfc,person_4e3e4b6a0553,defendant,被告人
ccase_409d305c8bfc,person_448cf54cd162,defendant,被告人
ccase_c409d3418f31,org_ddc713ec3eb9,defendant,被执行人
ccase_581530c85e24,person_d4ed9c1d45ae,defendant,被告
ccase_9830f1adb142,person_d4ed9c1d45ae,defendant,被上诉人
ccase_581530c85e24,person_7d37e2f2f7b6,defendant,被告
ccase_9830f1adb142,person_7d37e2f2f7b6,defendant,被上诉人
ccase_581530c85e24,person_47e549d10da3,defendant,被告
ccase_9830f1adb142,person_47e549d10da3,defendant,被上诉人
ccase_c409d3418f31,person_0d8b9c5bae82,third_party,被执行人
ccase_581530c85e24,person_eacb0a54150f,plaintiff,原告
ccase_9830f1adb142,person_eacb0a54150f,plaintiff,上诉人
ccase_c409d3418f31,person_eacb0a54150f,applicant,申请执行人
ccase_581530c85e24,person_1c372a8daf50,plaintiff,原告
ccase_9830f1adb142,person_1c372a8daf50,plaintiff,上诉人
ccase_c409d3418f31,person_1c372a8daf50,applicant,申请执行人
ccase_dc499edc0c06,person_a4afd96cff2c,plaintiff,原告
ccase_22e56153f701,person_a4afd96cff2c,defendant,被上诉人
ccase_dc499edc0c06,org_28a0b3b10016,defendant,被告
ccase_22e56153f701,org_28a0b3b10016,applicant,上诉人
ccase_22e56153f701,org_f5fba79aba26,third_party,案外人
ccase_d1aadb8691a6,person_529e52e2dd03,defendant,被告人
ccase_4485c556b88a,person_e0d4d945f5e6,plaintiff,原告
ccase_f9c882cb2440,person_e0d4d945f5e6,applicant,申诉人
ccase_e0e968d6b05d,person_e0d4d945f5e6,applicant,再审申请人
ccase_eee2894395c5,person_e0d4d945f5e6,applicant,上诉人
ccase_271d5dc4ffb0,person_e0d4d945f5e6,applicant,再审申请人
ccase_06c279f95600,person_e0d4d945f5e6,applicant,上诉人
ccase_4485c556b88a,person_a4b33e93d7fb,defendant,被告
ccase_f9c882cb2440,person_a4b33e93d7fb,respondent,被申诉人
ccase_e0e968d6b05d,person_a4b33e93d7fb,respondent,被申请人
ccase_eee2894395c5,person_a4b33e93d7fb,respondent,被上诉人
ccase_271d5dc4ffb0,person_a4b33e93d7fb,respondent,被申请人
ccase_06c279f95600,person_a4b33e93d7fb,respondent,被上诉人
ccase_f9c882cb2440,org_47d22773c31d,prosecutor,抗诉机关
ccase_06c279f95600,org_7b8b05e4a848,expert_witness,鉴定机构
ccase_11e59a130299,org_979fe568a00a,plaintiff,原告
ccase_6ddfa606012b,org_979fe568a00a,plaintiff,上诉人
ccase_11e59a130299,org_6b650866904f,plaintiff,原告
ccase_6ddfa606012b,org_6b650866904f,plaintiff,上诉人
ccase_11e59a130299,org_4f952359d11b,defendant,被告
ccase_6ddfa606012b,org_4f952359d11b,defendant,上诉人
ccase_11e59a130299,org_33a35e32e8d9,defendant,被告
ccase_6ddfa606012b,org_33a35e32e8d9,defendant,上诉人
ccase_11e59a130299,org_cf9d00f31dcf,defendant,被告
ccase_6ddfa606012b,org_cf9d00f31dcf,defendant,上诉人
ccase_11e59a130299,org_542aa82fe1ac,defendant,被告
ccase_6ddfa606012b,org_542aa82fe1ac,defendant,被上诉人
ccase_e03f7b44754e,org_d995acf311fd,third_party,第三人
ccase_e03f7b44754e,org_9d16e709fc54,third_party,第三人
ccase_e03f7b44754e,org_e3f9fa66f8dd,defendant,被告
ccase_e03f7b44754e,org_16ee8852242b,prosecutor,公益诉讼起诉人
ccase_e03f7b44754e,org_7bd26af28600,prosecutor,公益诉讼起诉人
ccase_e03f7b44754e,org_5bd934d04949,third_party,第三人
ccase_2b3f7dbde9a1,person_10eeb79bc9be,plaintiff,原告
ccase_2b3f7dbde9a1,person_04970d38d9a0,defendant,被告
ccase_a6b60fe4df05,person_2baaad1fb147,plaintiff,原告
ccase_a6b60fe4df05,person_c0f663e6cd36,plaintiff,原告
ccase_a6b60fe4df05,org_5b0d3f068286,third_party,挂靠公司
ccase_a6b60fe4df05,org_b4e46987184e,defendant,被告
ccase_a6b60fe4df05,org_391bdf5ca5da,defendant,被告
ccase_a6b60fe4df05,person_dfe8061d1ac7,witness,死者
ccase_a6b60fe4df05,person_b0531c9bedfe,plaintiff,原告
ccase_a6b60fe4df05,person_9dd5d8f0bd2c,plaintiff,原告
ccase_a6b60fe4df05,person_eee41d14d6d4,plaintiff,原告
ccase_a6b60fe4df05,person_842b91a4dab6,third_party,案外人
ccase_a6b60fe4df05,person_13cd71ddd69a,third_party,案外人
ccase_186830f33f9e,person_152d74c44521,plaintiff,原告
ccase_0d74d707ab8d,person_152d74c44521,applicant,上诉人
ccase_186830f33f9e,org_03df96fe3823,plaintiff,原告（已注销）
ccase_186830f33f9e,org_9a9df9803ffb,defendant,被告
ccase_0d74d707ab8d,org_9a9df9803ffb,respondent,被上诉人
ccase_186830f33f9e,org_9d145b89c94d,defendant,被告
ccase_0d74d707ab8d,org_9d145b89c94d,respondent,被上诉人
ccase_186830f33f9e,org_f604a16a7119,third_party,第三人
ccase_0d74d707ab8d,org_f604a16a7119,third_party,第三人
ccase_f6c357a0de0d,person_a0fdd4e13a6f,defendant,被告人
ccase_f6c357a0de0d,person_2d04d3bc7c1b,defendant,被告人
ccase_cf73bdaddbd1,person_12155f772d74,plaintiff,原告
ccase_cf73bdaddbd1,person_51a5b56db2b9,defendant,被告
ccase_919db9f055f1,person_51a5b56db2b9,defendant,上诉人
ccase_cf73bdaddbd1,person_d4377995b464,third_party,第三人
ccase_4cfa9a211aa7,person_9e42e184dd7f,plaintiff,原告
ccase_4cfa9a211aa7,person_23ec9437191e,defendant,被告
ccase_b46fd2b2aacc,person_23ec9437191e,applicant,上诉人
ccase_fe8b1aa3cebf,org_d65b52020f2c,plaintiff,原告
ccase_fe8b1aa3cebf,org_94b4c2bd267f,defendant,被告
ccase_fe8b1aa3cebf,person_b29f4e03c35b,defendant,被告
ccase_155399798efe,person_b29f4e03c35b,respondent,被执行人
ccase_155399798efe,org_4bb7a107ad2b,third_party,案外人
ccase_8e13db16cb93,person_ac225904338b,defendant,被告人
ccase_8e13db16cb93,person_2ee67074a0dc,witness,被害人
ccase_8e13db16cb93,person_f921368fca41,witness,被害人
ccase_8e13db16cb93,person_8e06e3c628f8,witness,被害人
ccase_8e13db16cb93,person_dc9746c80b10,witness,被害人
ccase_8e13db16cb93,org_16cd8d4bcb84,third_party,第三人
